{
  "hash": "4efa34b6",
  "configHash": "58053a26",
  "lockfileHash": "f3b856ff",
  "browserHash": "6b644b50",
  "optimized": {
    "@angular/core": {
      "src": "../../../../../node_modules/@angular/core/fesm2022/core.mjs",
      "file": "@angular_core.js",
      "fileHash": "2a615af6",
      "needsInterop": false
    },
    "@angular/platform-browser": {
      "src": "../../../../../node_modules/@angular/platform-browser/fesm2022/platform-browser.mjs",
      "file": "@angular_platform-browser.js",
      "fileHash": "963389f7",
      "needsInterop": false
    },
    "@angular/router": {
      "src": "../../../../../node_modules/@angular/router/fesm2022/router.mjs",
      "file": "@angular_router.js",
      "fileHash": "4abe892c",
      "needsInterop": false
    }
  },
  "chunks": {
    "chunk-UEBAAGOC": {
      "file": "chunk-UEBAAGOC.js"
    },
    "chunk-KJBDP7EP": {
      "file": "chunk-KJBDP7EP.js"
    }
  }
}